Employee ID,Billable Rate (per hour),Project,Date,Start Time,End Time
1,300,Brainbox,2020-01-30,8:00,11:00
2,300,Chatterpoint,2020-01-29,8:00,11:00
3,300,Youspan,2020-05-16,8:00,11:00
4,300,Youspan,2020-02-17,8:00,11:00
5,300,Demimbu,2020-02-20,8:00,11:00
6,300,Eire,2020-05-09,8:00,11:00
7,300,Zoomdog,2020-07-06,8:00,11:00
8,300,Jabberstorm,2020-05-05,8:00,11:00
9,300,Mydo,2019-08-24,8:00,11:00
10,300,Photobug,2019-11-11,8:00,11:00
11,300,Eazzy,2020-05-13,8:00,11:00
12,300,Omba,2019-12-17,8:00,11:00
13,300,Mynte,2019-09-21,8:00,11:00
14,300,Podcat,2019-10-22,8:00,11:00
15,300,Centidel,2020-04-04,8:00,11:00
16,300,Browsedrive,2019-11-07,8:00,11:00
17,300,Skidoo,2020-06-27,8:00,11:00
18,300,Divavu,2020-05-26,8:00,11:00
19,300,Tagfeed,2020-01-25,8:00,11:00
20,300,Plambee,2020-06-10,8:00,11:00
21,300,Jatri,2020-02-08,8:00,11:00
22,300,Fivechat,2020-03-07,8:00,11:00
23,300,Bubblebox,2019-10-13,8:00,11:00
24,300,Eayo,2020-07-02,8:00,11:00
25,300,Abata,2020-01-29,8:00,11:00
26,300,Ainyx,2019-08-04,8:00,11:00
27,300,Rhynoodle,2019-11-25,8:00,11:00
28,300,Dynazzy,2019-09-08,8:00,11:00
29,300,Miboo,2020-01-01,8:00,11:00
30,300,Tagcat,2020-03-15,8:00,11:00
31,300,Skyndu,2020-02-22,8:00,11:00
32,300,Quimba,2019-12-18,8:00,11:00
33,300,Dynabox,2019-12-22,8:00,11:00
34,300,Youtags,2020-06-05,8:00,11:00
35,300,Yamia,2020-03-31,8:00,11:00
36,300,Buzzshare,2020-05-15,8:00,11:00
37,300,Geba,2020-03-27,8:00,11:00
38,300,Janyx,2019-10-30,8:00,11:00
39,300,Browsebug,2020-01-16,8:00,11:00
40,300,Eare,2019-08-24,8:00,11:00
41,300,Livetube,2019-10-25,8:00,11:00
42,300,Edgewire,2020-04-25,8:00,11:00
43,300,Devcast,2020-01-19,8:00,11:00
44,300,Realpoint,2020-03-07,8:00,11:00
45,300,Kwinu,2019-08-06,8:00,11:00
46,300,Mita,2020-02-01,8:00,11:00
47,300,Yakidoo,2019-10-08,8:00,11:00
48,300,Dablist,2019-10-29,8:00,11:00
49,300,Quinu,2020-03-05,8:00,11:00
50,300,Zoombox,2019-12-09,8:00,11:00
51,300,Quire,2019-12-11,8:00,11:00
52,300,Kwilith,2019-09-23,8:00,11:00
53,300,Trilia,2020-03-20,8:00,11:00
54,300,Janyx,2020-02-02,8:00,11:00
55,300,Kazio,2019-08-08,8:00,11:00
56,300,Fiveclub,2020-04-23,8:00,11:00
57,300,Youbridge,2019-09-30,8:00,11:00
58,300,Topiczoom,2020-07-22,8:00,11:00
59,300,Gabspot,2019-09-27,8:00,11:00
60,300,Izio,2020-03-06,8:00,11:00
61,300,Topicblab,2020-05-06,8:00,11:00
62,300,Zoovu,2020-07-18,8:00,11:00
63,300,Quaxo,2020-05-16,8:00,11:00
64,300,Skibox,2019-11-28,8:00,11:00
65,300,Eabox,2020-05-06,8:00,11:00
66,300,Eire,2020-05-24,8:00,11:00
67,300,Zoomcast,2019-11-01,8:00,11:00
68,300,Realblab,2020-01-21,8:00,11:00
69,300,Snaptags,2019-08-12,8:00,11:00
70,300,Edgeclub,2020-01-01,8:00,11:00
71,300,Voonte,2020-07-27,8:00,11:00
72,300,Zoomcast,2019-09-29,8:00,11:00
73,300,Brainlounge,2020-05-19,8:00,11:00
74,300,Quinu,2019-11-10,8:00,11:00
75,300,Camimbo,2019-07-29,8:00,11:00
76,300,Gabcube,2020-06-29,8:00,11:00
77,300,Brainlounge,2020-07-28,8:00,11:00
78,300,Cogilith,2019-08-03,8:00,11:00
79,300,Eadel,2020-05-26,8:00,11:00
80,300,Youfeed,2020-03-22,8:00,11:00
81,300,Mymm,2019-09-24,8:00,11:00
82,300,Dabvine,2020-04-17,8:00,11:00
83,300,Jabbersphere,2019-10-30,8:00,11:00
84,300,Zoozzy,2019-09-10,8:00,11:00
85,300,Photolist,2020-04-26,8:00,11:00
86,300,Photobug,2019-08-22,8:00,11:00
87,300,Twinder,2020-05-16,8:00,11:00
88,300,BlogXS,2019-11-29,8:00,11:00
89,300,Voonyx,2020-01-05,8:00,11:00
90,300,Linklinks,2019-09-13,8:00,11:00
91,300,Jaxspan,2019-11-19,8:00,11:00
92,300,Thoughtblab,2020-04-12,8:00,11:00
93,300,Voolia,2019-10-01,8:00,11:00
94,300,Skilith,2019-10-08,8:00,11:00
95,300,Brainverse,2020-02-07,8:00,11:00
96,300,Gabspot,2019-10-25,8:00,11:00
97,300,Kimia,2019-07-20,8:00,11:00
98,300,Centimia,2019-09-10,8:00,11:00
99,300,Chatterpoint,2020-04-14,8:00,11:00
100,300,Twitterwire,2019-08-20,8:00,11:00
101,300,Katz,2019-08-12,8:00,11:00
102,300,Zooxo,2019-11-12,8:00,11:00
103,300,Oyoyo,2019-11-16,8:00,11:00
104,300,Tagfeed,2019-11-24,8:00,11:00
105,300,Edgepulse,2020-03-04,8:00,11:00
106,300,Buzzshare,2020-04-21,8:00,11:00
107,300,Gigashots,2019-08-18,8:00,11:00
108,300,Yodo,2019-12-29,8:00,11:00
109,300,Aibox,2019-07-28,8:00,11:00
110,300,Zoomdog,2020-06-18,8:00,11:00
111,300,Fanoodle,2019-10-11,8:00,11:00
112,300,Twimm,2020-07-06,8:00,11:00
113,300,Kaymbo,2019-12-12,8:00,11:00
114,300,Zava,2020-04-21,8:00,11:00
115,300,Yodo,2020-07-14,8:00,11:00
116,300,Bluezoom,2020-04-25,8:00,11:00
117,300,Jaxworks,2019-08-30,8:00,11:00
118,300,Edgeclub,2020-01-11,8:00,11:00
119,300,Flipopia,2020-06-22,8:00,11:00
120,300,Topdrive,2020-02-14,8:00,11:00
121,300,Centimia,2019-12-16,8:00,11:00
122,300,Flashpoint,2019-11-24,8:00,11:00
123,300,Thoughtstorm,2019-10-07,8:00,11:00
124,300,Dynabox,2019-09-12,8:00,11:00
125,300,Skidoo,2019-09-13,8:00,11:00
126,300,Twimm,2019-09-13,8:00,11:00
127,300,Skyndu,2019-08-28,8:00,11:00
128,300,Jazzy,2019-08-02,8:00,11:00
129,300,Youfeed,2020-07-12,8:00,11:00
130,300,DabZ,2019-08-29,8:00,11:00
131,300,Midel,2020-04-16,8:00,11:00
132,300,Rhynyx,2020-03-20,8:00,11:00
133,300,Skynoodle,2020-05-19,8:00,11:00
134,300,Viva,2020-03-01,8:00,11:00
135,300,Edgepulse,2020-04-21,8:00,11:00
136,300,Avamm,2019-08-26,8:00,11:00
137,300,Plambee,2020-01-18,8:00,11:00
138,300,Nlounge,2020-01-15,8:00,11:00
139,300,Divanoodle,2019-10-07,8:00,11:00
140,300,Wordify,2020-07-10,8:00,11:00
141,300,Yakijo,2019-12-31,8:00,11:00
142,300,Quatz,2020-05-06,8:00,11:00
143,300,Chatterpoint,2019-09-04,8:00,11:00
144,300,Twiyo,2020-02-29,8:00,11:00
145,300,Yotz,2019-12-05,8:00,11:00
146,300,Dabjam,2019-12-21,8:00,11:00
147,300,Divape,2020-07-03,8:00,11:00
148,300,Oyondu,2020-01-24,8:00,11:00
149,300,Innotype,2020-05-08,8:00,11:00
150,300,BlogXS,2019-11-19,8:00,11:00
151,300,Skinte,2019-12-18,8:00,11:00
152,300,Twitterbridge,2020-07-08,8:00,11:00
153,300,Feedmix,2020-01-10,8:00,11:00
154,300,Vitz,2019-10-06,8:00,11:00
155,300,Browseblab,2020-01-08,8:00,11:00
156,300,Brainsphere,2020-01-22,8:00,11:00
157,300,Blognation,2020-02-14,8:00,11:00
158,300,Layo,2019-09-05,8:00,11:00
159,300,Babbleblab,2019-11-01,8:00,11:00
160,300,Katz,2020-03-01,8:00,11:00
161,300,Zooveo,2019-10-26,8:00,11:00
162,300,Zoombox,2020-05-12,8:00,11:00
163,300,Skyvu,2019-07-27,8:00,11:00
164,300,Brainsphere,2020-04-01,8:00,11:00
165,300,Wikivu,2020-01-30,8:00,11:00
166,300,Edgepulse,2020-02-07,8:00,11:00
167,300,Mynte,2019-12-07,8:00,11:00
168,300,Dabfeed,2019-08-24,8:00,11:00
169,300,Youtags,2019-12-24,8:00,11:00
170,300,Linkbridge,2020-07-27,8:00,11:00
171,300,Pixope,2019-08-20,8:00,11:00
172,300,Demivee,2020-06-02,8:00,11:00
173,300,Brightbean,2020-07-30,8:00,11:00
174,300,Kayveo,2020-07-06,8:00,11:00
175,300,Digitube,2020-01-15,8:00,11:00
176,300,Edgepulse,2020-03-18,8:00,11:00
177,300,Pixope,2020-07-16,8:00,11:00
178,300,Trunyx,2019-12-25,8:00,11:00
179,300,Wikibox,2020-03-16,8:00,11:00
180,300,Jabberbean,2019-08-06,8:00,11:00
181,300,Realfire,2019-12-14,8:00,11:00
182,300,Twitterworks,2020-03-21,8:00,11:00
183,300,Feedmix,2019-10-30,8:00,11:00
184,300,Eazzy,2019-10-12,8:00,11:00
185,300,Shufflester,2019-11-26,8:00,11:00
186,300,Ainyx,2020-05-05,8:00,11:00
187,300,Jaxbean,2020-05-25,8:00,11:00
188,300,Tagcat,2020-03-03,8:00,11:00
189,300,Skinte,2019-08-04,8:00,11:00
190,300,Jabberbean,2020-05-16,8:00,11:00
191,300,Jabbersphere,2020-02-18,8:00,11:00
192,300,Thoughtmix,2020-05-18,8:00,11:00
193,300,Podcat,2020-06-08,8:00,11:00
194,300,Meetz,2019-10-05,8:00,11:00
195,300,Skibox,2020-07-19,8:00,11:00
196,300,Gabtune,2019-10-22,8:00,11:00
197,300,Avavee,2020-04-07,8:00,11:00
198,300,Kayveo,2019-11-29,8:00,11:00
199,300,Riffwire,2020-03-09,8:00,11:00
200,300,Quaxo,2019-10-03,8:00,11:00
201,300,Npath,2020-03-02,8:00,11:00
202,300,Rooxo,2019-09-30,8:00,11:00
203,300,Twitterbeat,2019-11-23,8:00,11:00
204,300,Chatterbridge,2019-10-21,8:00,11:00
205,300,Yombu,2019-11-24,8:00,11:00
206,300,Linklinks,2019-09-15,8:00,11:00
207,300,Vinder,2020-04-20,8:00,11:00
208,300,Katz,2019-09-10,8:00,11:00
209,300,Yamia,2020-03-10,8:00,11:00
210,300,Twinte,2020-03-20,8:00,11:00
211,300,Jabbersphere,2019-11-23,8:00,11:00
212,300,Skinix,2020-01-21,8:00,11:00
213,300,Chatterpoint,2019-11-27,8:00,11:00
214,300,Zooveo,2020-02-19,8:00,11:00
215,300,Aibox,2019-11-22,8:00,11:00
216,300,Mynte,2019-09-27,8:00,11:00
217,300,Kazu,2019-08-13,8:00,11:00
218,300,Demimbu,2019-10-17,8:00,11:00
219,300,LiveZ,2020-07-07,8:00,11:00
220,300,Teklist,2019-09-03,8:00,11:00
221,300,Fivebridge,2020-07-09,8:00,11:00
222,300,Youspan,2020-04-29,8:00,11:00
223,300,Rhybox,2020-07-27,8:00,11:00
224,300,Blogtags,2019-10-26,8:00,11:00
225,300,Zava,2020-04-12,8:00,11:00
226,300,Buzzster,2020-04-04,8:00,11:00
227,300,Kayveo,2019-11-22,8:00,11:00
228,300,Topiclounge,2019-11-06,8:00,11:00
229,300,Ntags,2019-07-22,8:00,11:00
230,300,Kare,2020-07-24,8:00,11:00
231,300,Zoomzone,2020-02-18,8:00,11:00
232,300,Skinder,2020-07-02,8:00,11:00
233,300,Devpulse,2020-07-22,8:00,11:00
234,300,Blogspan,2019-10-02,8:00,11:00
235,300,Zoonoodle,2019-09-02,8:00,11:00
236,300,Minyx,2020-01-14,8:00,11:00
237,300,Shufflebeat,2020-04-30,8:00,11:00
238,300,Reallinks,2020-03-28,8:00,11:00
239,300,Edgetag,2019-11-26,8:00,11:00
240,300,Gabtune,2020-01-07,8:00,11:00
241,300,Kazio,2020-01-27,8:00,11:00
242,300,Jabberstorm,2019-11-30,8:00,11:00
243,300,Voolith,2020-03-17,8:00,11:00
244,300,Skajo,2020-06-18,8:00,11:00
245,300,Ntag,2019-08-28,8:00,11:00
246,300,Katz,2020-07-30,8:00,11:00
247,300,Yozio,2019-11-12,8:00,11:00
248,300,Topiclounge,2019-11-18,8:00,11:00
249,300,Yabox,2019-12-31,8:00,11:00
250,300,Geba,2019-09-04,8:00,11:00
251,300,Meembee,2020-01-22,8:00,11:00
252,300,Aivee,2020-06-11,8:00,11:00
253,300,Realblab,2019-09-03,8:00,11:00
254,300,Brainlounge,2019-08-10,8:00,11:00
255,300,Oyoba,2020-05-13,8:00,11:00
256,300,LiveZ,2020-01-19,8:00,11:00
257,300,Camimbo,2019-10-01,8:00,11:00
258,300,Voonyx,2019-07-21,8:00,11:00
259,300,Oyoba,2019-09-30,8:00,11:00
260,300,Cogidoo,2020-03-10,8:00,11:00
261,300,Twitternation,2020-01-05,8:00,11:00
262,300,Voonix,2020-03-16,8:00,11:00
263,300,Wikibox,2019-08-27,8:00,11:00
264,300,Topicshots,2019-12-20,8:00,11:00
265,300,Shufflebeat,2020-03-19,8:00,11:00
266,300,Buzzbean,2019-09-19,8:00,11:00
267,300,Gabtype,2020-05-15,8:00,11:00
268,300,Snaptags,2020-07-03,8:00,11:00
269,300,Oyoba,2019-07-27,8:00,11:00
270,300,Browsebug,2020-06-18,8:00,11:00
271,300,Janyx,2019-12-04,8:00,11:00
272,300,Innojam,2020-02-20,8:00,11:00
273,300,Avavee,2020-01-19,8:00,11:00
274,300,Jazzy,2020-01-28,8:00,11:00
275,300,Feedfire,2019-10-01,8:00,11:00
276,300,Youopia,2020-04-09,8:00,11:00
277,300,Babbleopia,2020-04-08,8:00,11:00
278,300,Devify,2019-08-28,8:00,11:00
279,300,Quamba,2020-01-23,8:00,11:00
280,300,Yodoo,2020-02-10,8:00,11:00
281,300,Eabox,2019-10-05,8:00,11:00
282,300,Mymm,2019-08-28,8:00,11:00
283,300,Riffpedia,2020-07-25,8:00,11:00
284,300,Demizz,2020-06-02,8:00,11:00
285,300,Babblestorm,2020-01-22,8:00,11:00
286,300,Eadel,2019-09-14,8:00,11:00
287,300,Chatterbridge,2020-04-22,8:00,11:00
288,300,Tagfeed,2019-08-15,8:00,11:00
289,300,Mydo,2019-07-26,8:00,11:00
290,300,Zoovu,2020-06-15,8:00,11:00
291,300,Linklinks,2019-07-27,8:00,11:00
292,300,Feedspan,2020-06-08,8:00,11:00
293,300,Thoughtmix,2020-01-17,8:00,11:00
294,300,Gabspot,2019-11-12,8:00,11:00
295,300,Meezzy,2020-04-05,8:00,11:00
296,300,Gigazoom,2019-08-06,8:00,11:00
297,300,Dabjam,2019-10-25,8:00,11:00
298,300,Gabtune,2020-03-27,8:00,11:00
299,300,Realcube,2019-10-08,8:00,11:00
300,300,Youopia,2020-05-01,8:00,11:00
301,300,Tagtune,2019-09-13,8:00,11:00
302,300,Dynabox,2020-02-16,8:00,11:00
303,300,Skynoodle,2020-06-05,8:00,11:00
304,300,Bubblebox,2020-07-28,8:00,11:00
305,300,Voomm,2019-08-02,8:00,11:00
306,300,Photojam,2020-06-16,8:00,11:00
307,300,Twimm,2020-02-22,8:00,11:00
308,300,Vinte,2020-01-13,8:00,11:00
309,300,Quaxo,2019-09-05,8:00,11:00
310,300,Innojam,2020-06-24,8:00,11:00
311,300,Bubblebox,2019-12-15,8:00,11:00
312,300,Dablist,2019-10-22,8:00,11:00
313,300,Jaxworks,2020-05-18,8:00,11:00
314,300,Brainsphere,2020-04-03,8:00,11:00
315,300,Twimbo,2020-04-24,8:00,11:00
316,300,Yodel,2020-07-09,8:00,11:00
317,300,Aimbu,2019-10-11,8:00,11:00
318,300,Oyoyo,2019-12-21,8:00,11:00
319,300,Browsetype,2019-10-12,8:00,11:00
320,300,Quaxo,2020-07-13,8:00,11:00
321,300,Tanoodle,2019-10-24,8:00,11:00
322,300,Yoveo,2019-12-23,8:00,11:00
323,300,Tambee,2020-02-09,8:00,11:00
324,300,Buzzbean,2019-08-20,8:00,11:00
325,300,Oyoyo,2019-08-01,8:00,11:00
326,300,Voolith,2019-09-23,8:00,11:00
327,300,Meemm,2020-06-28,8:00,11:00
328,300,Plajo,2020-06-23,8:00,11:00
329,300,Topicblab,2020-05-05,8:00,11:00
330,300,Twitterwire,2020-06-02,8:00,11:00
331,300,Shufflebeat,2020-05-20,8:00,11:00
332,300,Dynazzy,2019-09-24,8:00,11:00
333,300,Yamia,2019-09-04,8:00,11:00
334,300,Zoomzone,2020-05-28,8:00,11:00
335,300,Tazz,2019-07-30,8:00,11:00
336,300,Camido,2020-03-23,8:00,11:00
337,300,Twimbo,2020-06-19,8:00,11:00
338,300,Oba,2020-02-29,8:00,11:00
339,300,Mynte,2020-06-02,8:00,11:00
340,300,Jazzy,2020-03-27,8:00,11:00
341,300,Jayo,2019-12-13,8:00,11:00
342,300,Edgetag,2020-07-10,8:00,11:00
343,300,Wordware,2019-08-17,8:00,11:00
344,300,Photolist,2019-10-03,8:00,11:00
345,300,Twitterworks,2020-01-15,8:00,11:00
346,300,Livepath,2020-07-15,8:00,11:00
347,300,Twimbo,2019-07-26,8:00,11:00
348,300,Pixoboo,2019-07-25,8:00,11:00
349,300,Cogibox,2020-03-16,8:00,11:00
350,300,Zava,2020-06-02,8:00,11:00
351,300,Wordify,2019-07-28,8:00,11:00
352,300,Snaptags,2020-04-18,8:00,11:00
353,300,Tekfly,2019-10-04,8:00,11:00
354,300,Voonix,2019-09-02,8:00,11:00
355,300,Rhyloo,2019-11-11,8:00,11:00
356,300,Divavu,2019-11-13,8:00,11:00
357,300,Chatterpoint,2020-04-04,8:00,11:00
358,300,Rhyloo,2020-07-12,8:00,11:00
359,300,Fivechat,2020-01-01,8:00,11:00
360,300,Tagfeed,2019-11-19,8:00,11:00
361,300,Babblestorm,2020-07-21,8:00,11:00
362,300,Oyondu,2020-02-10,8:00,11:00
363,300,Mydeo,2019-12-08,8:00,11:00
364,300,Yamia,2019-07-25,8:00,11:00
365,300,Aimbu,2019-10-19,8:00,11:00
366,300,Gigaclub,2020-04-12,8:00,11:00
367,300,Lajo,2020-01-25,8:00,11:00
368,300,Skiba,2020-07-05,8:00,11:00
369,300,Flipbug,2019-12-12,8:00,11:00
370,300,Leexo,2019-12-07,8:00,11:00
371,300,Blogpad,2020-06-23,8:00,11:00
372,300,Jayo,2020-04-29,8:00,11:00
373,300,Trudeo,2020-05-29,8:00,11:00
374,300,Devshare,2019-10-27,8:00,11:00
375,300,Livetube,2020-06-28,8:00,11:00
376,300,Kwilith,2020-01-07,8:00,11:00
377,300,Dabtype,2020-03-20,8:00,11:00
378,300,Skalith,2020-01-31,8:00,11:00
379,300,Jayo,2019-10-19,8:00,11:00
380,300,Einti,2020-06-20,8:00,11:00
381,300,Fivespan,2020-05-14,8:00,11:00
382,300,Zoonder,2019-08-01,8:00,11:00
383,300,Brainbox,2019-10-16,8:00,11:00
384,300,Bluezoom,2019-10-14,8:00,11:00
385,300,Bubblebox,2020-02-29,8:00,11:00
386,300,Abata,2019-11-11,8:00,11:00
387,300,Yabox,2020-05-28,8:00,11:00
388,300,Eayo,2019-12-03,8:00,11:00
389,300,Fivespan,2019-09-27,8:00,11:00
390,300,Tanoodle,2019-12-24,8:00,11:00
391,300,Topicstorm,2020-02-15,8:00,11:00
392,300,Mita,2020-01-16,8:00,11:00
393,300,Meevee,2020-03-07,8:00,11:00
394,300,Yodo,2019-09-20,8:00,11:00
395,300,Kanoodle,2019-09-01,8:00,11:00
396,300,Blogpad,2020-05-09,8:00,11:00
397,300,Youspan,2019-12-01,8:00,11:00
398,300,Pixope,2019-09-24,8:00,11:00
399,300,Twitterbeat,2020-01-30,8:00,11:00
400,300,Shufflebeat,2019-11-28,8:00,11:00
401,300,Jabbertype,2020-06-10,8:00,11:00
402,300,Eamia,2020-05-19,8:00,11:00
403,300,Gabtype,2020-04-12,8:00,11:00
404,300,Browsecat,2019-10-12,8:00,11:00
405,300,Shuffledrive,2019-08-09,8:00,11:00
406,300,Thoughtsphere,2020-04-18,8:00,11:00
407,300,Zoomcast,2019-08-25,8:00,11:00
408,300,Aibox,2020-06-12,8:00,11:00
409,300,Skyvu,2019-08-13,8:00,11:00
410,300,Vimbo,2020-05-09,8:00,11:00
411,300,Mudo,2020-07-11,8:00,11:00
412,300,Tagfeed,2019-10-21,8:00,11:00
413,300,Linktype,2020-02-21,8:00,11:00
414,300,Yakijo,2019-08-12,8:00,11:00
415,300,Flashspan,2019-11-20,8:00,11:00
416,300,Twitternation,2019-09-26,8:00,11:00
417,300,Twitternation,2019-12-24,8:00,11:00
418,300,Talane,2020-07-21,8:00,11:00
419,300,Einti,2019-12-03,8:00,11:00
420,300,Camimbo,2020-03-29,8:00,11:00
421,300,Jaxbean,2019-08-31,8:00,11:00
422,300,Thoughtworks,2020-03-14,8:00,11:00
423,300,Feedmix,2019-09-05,8:00,11:00
424,300,Devpulse,2019-10-30,8:00,11:00
425,300,Pixoboo,2020-07-20,8:00,11:00
426,300,Yakitri,2019-12-21,8:00,11:00
427,300,Buzzbean,2019-08-23,8:00,11:00
428,300,Fadeo,2020-02-09,8:00,11:00
429,300,Kwinu,2019-12-14,8:00,11:00
430,300,Tanoodle,2020-03-12,8:00,11:00
431,300,Jaxbean,2019-12-07,8:00,11:00
432,300,Gabspot,2019-12-05,8:00,11:00
433,300,Oba,2019-09-16,8:00,11:00
434,300,Meeveo,2020-02-11,8:00,11:00
435,300,Devbug,2020-02-18,8:00,11:00
436,300,Skimia,2019-10-21,8:00,11:00
437,300,Skajo,2020-01-28,8:00,11:00
438,300,Realcube,2019-12-03,8:00,11:00
439,300,Katz,2019-09-19,8:00,11:00
440,300,Eimbee,2020-01-27,8:00,11:00
441,300,Wikizz,2019-10-09,8:00,11:00
442,300,Zoomzone,2019-11-01,8:00,11:00
443,300,Meevee,2019-10-08,8:00,11:00
444,300,Kare,2020-04-19,8:00,11:00
445,300,Gabcube,2020-03-04,8:00,11:00
446,300,Trunyx,2020-03-28,8:00,11:00
447,300,Gigashots,2020-05-16,8:00,11:00
448,300,Fivechat,2020-05-11,8:00,11:00
449,300,Quimba,2019-10-29,8:00,11:00
450,300,Tagopia,2019-10-28,8:00,11:00
451,300,Photolist,2019-09-15,8:00,11:00
452,300,Thoughtstorm,2020-05-09,8:00,11:00
453,300,Mynte,2020-01-08,8:00,11:00
454,300,Photobug,2020-05-25,8:00,11:00
455,300,Bluezoom,2020-07-16,8:00,11:00
456,300,Skiba,2020-07-11,8:00,11:00
457,300,Demizz,2020-01-16,8:00,11:00
458,300,Tagchat,2019-12-20,8:00,11:00
459,300,Mynte,2019-09-11,8:00,11:00
460,300,Lazzy,2020-03-12,8:00,11:00
461,300,Blogtag,2019-07-23,8:00,11:00
462,300,Zoonoodle,2019-08-20,8:00,11:00
463,300,Zazio,2019-08-28,8:00,11:00
464,300,Kamba,2019-09-30,8:00,11:00
465,300,Jabberstorm,2020-06-22,8:00,11:00
466,300,Rhycero,2020-05-29,8:00,11:00
467,300,Gabtune,2019-08-22,8:00,11:00
468,300,Thoughtbeat,2020-02-06,8:00,11:00
469,300,Avavee,2020-06-04,8:00,11:00
470,300,Zoomcast,2019-08-25,8:00,11:00
471,300,Topiczoom,2020-02-04,8:00,11:00
472,300,Npath,2020-02-23,8:00,11:00
473,300,Yabox,2019-09-05,8:00,11:00
474,300,Minyx,2019-11-03,8:00,11:00
475,300,Snaptags,2019-08-30,8:00,11:00
476,300,InnoZ,2019-08-11,8:00,11:00
477,300,Browsetype,2020-01-27,8:00,11:00
478,300,Wikizz,2019-09-30,8:00,11:00
479,300,Vinder,2020-01-22,8:00,11:00
480,300,Browsedrive,2020-04-01,8:00,11:00
481,300,Dynabox,2019-12-10,8:00,11:00
482,300,Thoughtbridge,2020-01-05,8:00,11:00
483,300,Jayo,2019-08-14,8:00,11:00
484,300,Flipstorm,2019-09-17,8:00,11:00
485,300,Topiclounge,2020-02-19,8:00,11:00
486,300,Kwimbee,2020-04-21,8:00,11:00
487,300,Yabox,2019-12-08,8:00,11:00
488,300,Devpoint,2020-04-13,8:00,11:00
489,300,Mita,2019-09-22,8:00,11:00
490,300,Blogtag,2019-12-21,8:00,11:00
491,300,Buzzshare,2020-06-07,8:00,11:00
492,300,Skyba,2020-07-04,8:00,11:00
493,300,Zoomlounge,2020-03-26,8:00,11:00
494,300,Photojam,2020-05-25,8:00,11:00
495,300,Realbridge,2019-09-29,8:00,11:00
496,300,Chatterpoint,2020-04-01,8:00,11:00
497,300,Buzzdog,2020-03-01,8:00,11:00
498,300,Brightdog,2019-12-21,8:00,11:00
499,300,Meevee,2020-06-08,8:00,11:00
500,300,Skyndu,2020-06-28,8:00,11:00
501,300,Oba,2020-02-07,8:00,11:00
502,300,Flashdog,2019-10-10,8:00,11:00
503,300,Livetube,2020-04-10,8:00,11:00
504,300,Omba,2020-02-10,8:00,11:00
505,300,Tagpad,2019-10-26,8:00,11:00
506,300,Meevee,2019-09-18,8:00,11:00
507,300,Cogilith,2020-04-13,8:00,11:00
508,300,Skipstorm,2019-09-05,8:00,11:00
509,300,Tagcat,2019-08-09,8:00,11:00
510,300,Demizz,2019-11-10,8:00,11:00
511,300,Vinte,2019-08-07,8:00,11:00
512,300,Zoonoodle,2020-03-26,8:00,11:00
513,300,Linktype,2019-12-18,8:00,11:00
514,300,Twimm,2020-07-17,8:00,11:00
515,300,Mycat,2020-04-11,8:00,11:00
516,300,Bubblemix,2020-07-26,8:00,11:00
517,300,Tagpad,2020-07-11,8:00,11:00
518,300,Voomm,2020-04-04,8:00,11:00
519,300,Dablist,2019-09-28,8:00,11:00
520,300,Trupe,2020-03-08,8:00,11:00
521,300,Gabspot,2020-02-02,8:00,11:00
522,300,Skibox,2020-04-03,8:00,11:00
523,300,Centizu,2019-10-26,8:00,11:00
524,300,Oodoo,2020-06-17,8:00,11:00
525,300,Wikido,2020-05-19,8:00,11:00
526,300,Vimbo,2020-05-07,8:00,11:00
527,300,Yozio,2019-10-10,8:00,11:00
528,300,Tazzy,2020-06-20,8:00,11:00
529,300,Ozu,2020-06-22,8:00,11:00
530,300,Wikizz,2020-04-25,8:00,11:00
531,300,Wordtune,2020-03-10,8:00,11:00
532,300,Gabcube,2020-06-28,8:00,11:00
533,300,Oyope,2019-07-29,8:00,11:00
534,300,Realcube,2019-09-27,8:00,11:00
535,300,Blogspan,2019-11-12,8:00,11:00
536,300,Linklinks,2020-06-07,8:00,11:00
537,300,Centidel,2019-11-21,8:00,11:00
538,300,Zoomzone,2020-01-03,8:00,11:00
539,300,InnoZ,2020-04-23,8:00,11:00
540,300,Miboo,2020-06-19,8:00,11:00
541,300,Wikizz,2020-04-14,8:00,11:00
542,300,Trunyx,2019-10-06,8:00,11:00
543,300,Leexo,2020-06-10,8:00,11:00
544,300,Kwilith,2019-10-31,8:00,11:00
545,300,Zoovu,2020-04-02,8:00,11:00
546,300,Gabcube,2020-07-07,8:00,11:00
547,300,Gigazoom,2019-11-18,8:00,11:00
548,300,Zava,2020-01-02,8:00,11:00
549,300,Linkbuzz,2020-05-21,8:00,11:00
550,300,Browsetype,2019-10-20,8:00,11:00
551,300,Chatterpoint,2019-10-20,8:00,11:00
552,300,Edgeclub,2019-07-27,8:00,11:00
553,300,Kwimbee,2020-01-24,8:00,11:00
554,300,Jabberstorm,2019-12-27,8:00,11:00
555,300,Skidoo,2019-10-19,8:00,11:00
556,300,Thoughtworks,2020-03-18,8:00,11:00
557,300,Gabcube,2020-03-13,8:00,11:00
558,300,Linkbridge,2019-07-31,8:00,11:00
559,300,Photofeed,2019-09-06,8:00,11:00
560,300,Katz,2019-10-18,8:00,11:00
561,300,Zazio,2020-06-18,8:00,11:00
562,300,Blogspan,2019-08-12,8:00,11:00
563,300,Browsezoom,2020-06-25,8:00,11:00
564,300,Photospace,2020-01-15,8:00,11:00
565,300,Fatz,2020-03-17,8:00,11:00
566,300,Realbuzz,2019-12-30,8:00,11:00
567,300,Voonte,2020-01-23,8:00,11:00
568,300,Twimm,2019-12-05,8:00,11:00
569,300,Blogspan,2020-06-25,8:00,11:00
570,300,Bluejam,2019-09-27,8:00,11:00
571,300,Linktype,2020-05-01,8:00,11:00
572,300,Skyvu,2019-12-24,8:00,11:00
573,300,Meevee,2019-12-14,8:00,11:00
574,300,Riffpedia,2019-08-04,8:00,11:00
575,300,Zoombeat,2020-05-05,8:00,11:00
576,300,Zoonder,2019-12-10,8:00,11:00
577,300,Mydeo,2020-06-04,8:00,11:00
578,300,Feedmix,2019-12-03,8:00,11:00
579,300,Devify,2020-07-24,8:00,11:00
580,300,Midel,2020-04-13,8:00,11:00
581,300,Mydeo,2020-05-26,8:00,11:00
582,300,Kaymbo,2020-05-15,8:00,11:00
583,300,Zooxo,2020-01-12,8:00,11:00
584,300,Photobug,2020-01-07,8:00,11:00
585,300,Plajo,2020-07-29,8:00,11:00
586,300,Rhybox,2020-07-08,8:00,11:00
587,300,Talane,2019-09-01,8:00,11:00
588,300,Npath,2019-09-09,8:00,11:00
589,300,Katz,2020-04-17,8:00,11:00
590,300,Twitterbridge,2019-08-03,8:00,11:00
591,300,Jabbercube,2020-07-27,8:00,11:00
592,300,Twitterbeat,2020-07-02,8:00,11:00
593,300,Abatz,2019-07-26,8:00,11:00
594,300,Leenti,2020-07-05,8:00,11:00
595,300,Twitternation,2019-08-07,8:00,11:00
596,300,Eimbee,2019-12-31,8:00,11:00
597,300,Camido,2020-07-26,8:00,11:00
598,300,Browsezoom,2019-07-22,8:00,11:00
599,300,Oyoba,2020-01-16,8:00,11:00
600,300,Brainlounge,2020-07-21,8:00,11:00
601,300,Kwilith,2020-04-26,8:00,11:00
602,300,Buzzdog,2020-02-12,8:00,11:00
603,300,Photobean,2020-01-07,8:00,11:00
604,300,Leexo,2020-05-03,8:00,11:00
605,300,Twitterbeat,2019-12-08,8:00,11:00
606,300,Linktype,2020-04-04,8:00,11:00
607,300,Flipbug,2020-02-15,8:00,11:00
608,300,Realbuzz,2020-04-04,8:00,11:00
609,300,Agivu,2019-08-08,8:00,11:00
610,300,Jaxnation,2019-11-22,8:00,11:00
611,300,Mynte,2020-05-23,8:00,11:00
612,300,Skyvu,2020-05-28,8:00,11:00
613,300,Tazzy,2020-03-25,8:00,11:00
614,300,Cogidoo,2020-07-20,8:00,11:00
615,300,Oozz,2019-08-04,8:00,11:00
616,300,Yambee,2020-05-02,8:00,11:00
617,300,Twiyo,2020-07-05,8:00,11:00
618,300,Skivee,2019-11-25,8:00,11:00
619,300,Eire,2019-09-16,8:00,11:00
620,300,Agimba,2019-08-24,8:00,11:00
621,300,Brainlounge,2019-11-14,8:00,11:00
622,300,Vidoo,2020-04-30,8:00,11:00
623,300,Mynte,2020-03-19,8:00,11:00
624,300,Brainsphere,2019-12-24,8:00,11:00
625,300,Dynabox,2020-03-10,8:00,11:00
626,300,Quamba,2020-07-07,8:00,11:00
627,300,Skyvu,2020-05-19,8:00,11:00
628,300,Browsedrive,2019-12-14,8:00,11:00
629,300,Eazzy,2019-11-04,8:00,11:00
630,300,Zoovu,2020-01-14,8:00,11:00
631,300,Linkbridge,2020-03-26,8:00,11:00
632,300,Thoughtstorm,2020-03-26,8:00,11:00
633,300,Abata,2020-05-15,8:00,11:00
634,300,Jaxnation,2020-03-25,8:00,11:00
635,300,Centizu,2019-11-07,8:00,11:00
636,300,Devbug,2019-11-01,8:00,11:00
637,300,Photobug,2020-03-27,8:00,11:00
638,300,Tazz,2020-06-19,8:00,11:00
639,300,Reallinks,2020-07-09,8:00,11:00
640,300,Brightbean,2020-01-16,8:00,11:00
641,300,Talane,2020-07-30,8:00,11:00
642,300,Gabtune,2019-10-16,8:00,11:00
643,300,Mydo,2020-03-29,8:00,11:00
644,300,Tagchat,2020-07-09,8:00,11:00
645,300,Kwimbee,2019-07-21,8:00,11:00
646,300,Mycat,2019-12-10,8:00,11:00
647,300,Youtags,2020-04-11,8:00,11:00
648,300,Livetube,2019-11-08,8:00,11:00
649,300,Topdrive,2019-10-26,8:00,11:00
650,300,Pixonyx,2020-02-21,8:00,11:00
651,300,Shuffletag,2020-06-12,8:00,11:00
652,300,Tekfly,2020-03-10,8:00,11:00
653,300,Skimia,2019-08-17,8:00,11:00
654,300,Abatz,2020-01-26,8:00,11:00
655,300,Abatz,2020-02-05,8:00,11:00
656,300,Youtags,2020-06-26,8:00,11:00
657,300,Zava,2019-08-20,8:00,11:00
658,300,Plajo,2020-04-28,8:00,11:00
659,300,Skinder,2020-02-04,8:00,11:00
660,300,Voomm,2020-03-09,8:00,11:00
661,300,Quaxo,2020-05-20,8:00,11:00
662,300,Wikibox,2020-05-18,8:00,11:00
663,300,Mydeo,2019-12-25,8:00,11:00
664,300,Midel,2019-08-07,8:00,11:00
665,300,Wordtune,2020-07-13,8:00,11:00
666,300,Topicstorm,2019-12-24,8:00,11:00
667,300,Voonte,2020-03-22,8:00,11:00
668,300,Trupe,2019-12-18,8:00,11:00
669,300,Kwideo,2019-07-25,8:00,11:00
670,300,Realfire,2019-09-07,8:00,11:00
671,300,Oodoo,2019-08-08,8:00,11:00
672,300,Buzzbean,2019-11-03,8:00,11:00
673,300,Yabox,2019-10-28,8:00,11:00
674,300,Kwimbee,2020-06-17,8:00,11:00
675,300,Skiba,2019-09-03,8:00,11:00
676,300,Oyope,2019-10-25,8:00,11:00
677,300,Blognation,2020-05-09,8:00,11:00
678,300,Linkbuzz,2019-07-22,8:00,11:00
679,300,Topiczoom,2020-07-21,8:00,11:00
680,300,Yakijo,2020-06-04,8:00,11:00
681,300,Gigabox,2019-09-30,8:00,11:00
682,300,Jayo,2020-03-08,8:00,11:00
683,300,Jabbercube,2019-12-29,8:00,11:00
684,300,Twitternation,2020-03-07,8:00,11:00
685,300,Meezzy,2019-09-26,8:00,11:00
686,300,Mycat,2020-07-26,8:00,11:00
687,300,Meeveo,2019-07-20,8:00,11:00
688,300,Zoombox,2019-10-31,8:00,11:00
689,300,Feedmix,2020-01-05,8:00,11:00
690,300,Yakitri,2019-10-25,8:00,11:00
691,300,Livefish,2020-05-18,8:00,11:00
692,300,Dazzlesphere,2019-08-24,8:00,11:00
693,300,Eamia,2019-11-12,8:00,11:00
694,300,Chatterbridge,2019-11-18,8:00,11:00
695,300,Skimia,2020-06-11,8:00,11:00
696,300,Kare,2019-12-02,8:00,11:00
697,300,Thoughtblab,2020-07-08,8:00,11:00
698,300,Feedfire,2019-11-12,8:00,11:00
699,300,Twinder,2020-01-07,8:00,11:00
700,300,Kanoodle,2019-12-22,8:00,11:00
701,300,Meevee,2019-08-27,8:00,11:00
702,300,Flashset,2019-12-04,8:00,11:00
703,300,Voonder,2019-08-08,8:00,11:00
704,300,Muxo,2020-03-19,8:00,11:00
705,300,Digitube,2019-10-10,8:00,11:00
706,300,Ainyx,2020-04-25,8:00,11:00
707,300,Leenti,2020-04-27,8:00,11:00
708,300,Babbleset,2019-11-12,8:00,11:00
709,300,Mydeo,2019-09-05,8:00,11:00
710,300,Vidoo,2019-09-11,8:00,11:00
711,300,Thoughtbridge,2020-02-28,8:00,11:00
712,300,Feedbug,2020-01-21,8:00,11:00
713,300,Brightdog,2020-02-02,8:00,11:00
714,300,Abatz,2019-11-03,8:00,11:00
715,300,Kwideo,2020-05-18,8:00,11:00
716,300,Jaxbean,2020-04-07,8:00,11:00
717,300,Edgepulse,2020-06-10,8:00,11:00
718,300,Digitube,2019-10-22,8:00,11:00
719,300,Meetz,2019-11-24,8:00,11:00
720,300,Chatterpoint,2019-09-30,8:00,11:00
721,300,Divanoodle,2019-08-08,8:00,11:00
722,300,Pixoboo,2019-11-28,8:00,11:00
723,300,Trupe,2019-10-16,8:00,11:00
724,300,Realcube,2020-02-21,8:00,11:00
725,300,Topiclounge,2020-07-13,8:00,11:00
726,300,Wordtune,2019-08-04,8:00,11:00
727,300,Vipe,2019-09-09,8:00,11:00
728,300,Linktype,2019-08-18,8:00,11:00
729,300,Twitterwire,2020-05-09,8:00,11:00
730,300,Livefish,2019-10-25,8:00,11:00
731,300,Innotype,2020-05-25,8:00,11:00
732,300,Jayo,2019-12-07,8:00,11:00
733,300,Livetube,2020-05-10,8:00,11:00
734,300,Avamba,2019-10-16,8:00,11:00
735,300,Thoughtblab,2020-05-31,8:00,11:00
736,300,Thoughtbridge,2020-01-21,8:00,11:00
737,300,Blogtag,2020-04-16,8:00,11:00
738,300,Photobug,2020-06-17,8:00,11:00
739,300,Yakitri,2020-04-06,8:00,11:00
740,300,Quaxo,2020-02-10,8:00,11:00
741,300,Fivebridge,2019-11-14,8:00,11:00
742,300,Meedoo,2020-05-06,8:00,11:00
743,300,Kazu,2020-02-29,8:00,11:00
744,300,Mydo,2020-03-30,8:00,11:00
745,300,Myworks,2020-07-30,8:00,11:00
746,300,Jabbertype,2019-08-27,8:00,11:00
747,300,Skynoodle,2020-04-13,8:00,11:00
748,300,Jabberbean,2019-10-29,8:00,11:00
749,300,Skyble,2020-01-30,8:00,11:00
750,300,Tavu,2020-01-09,8:00,11:00
751,300,Zoomzone,2019-08-25,8:00,11:00
752,300,Yotz,2020-03-28,8:00,11:00
753,300,InnoZ,2019-10-01,8:00,11:00
754,300,Livetube,2020-07-30,8:00,11:00
755,300,Twitterlist,2020-04-23,8:00,11:00
756,300,Zoombeat,2020-03-25,8:00,11:00
757,300,Flipbug,2020-05-27,8:00,11:00
758,300,Livefish,2020-07-12,8:00,11:00
759,300,Oyope,2019-09-11,8:00,11:00
760,300,Fatz,2019-07-31,8:00,11:00
761,300,Yodel,2020-07-18,8:00,11:00
762,300,Eimbee,2020-05-09,8:00,11:00
763,300,Twinte,2020-05-31,8:00,11:00
764,300,Fiveclub,2020-04-29,8:00,11:00
765,300,Fiveclub,2020-01-27,8:00,11:00
766,300,Babbleopia,2020-01-27,8:00,11:00
767,300,Quire,2020-02-16,8:00,11:00
768,300,Dabvine,2019-12-18,8:00,11:00
769,300,Kazu,2020-06-11,8:00,11:00
770,300,Kwideo,2020-05-07,8:00,11:00
771,300,Ntag,2020-05-28,8:00,11:00
772,300,Jayo,2019-12-10,8:00,11:00
773,300,Skidoo,2020-06-06,8:00,11:00
774,300,Meevee,2020-02-12,8:00,11:00
775,300,Shuffletag,2020-03-29,8:00,11:00
776,300,Yotz,2020-03-18,8:00,11:00
777,300,Twitterworks,2019-11-09,8:00,11:00
778,300,Bubblemix,2019-08-28,8:00,11:00
779,300,Mydeo,2019-09-21,8:00,11:00
780,300,Feedfire,2019-09-24,8:00,11:00
781,300,Voonix,2020-03-26,8:00,11:00
782,300,Tambee,2019-10-16,8:00,11:00
783,300,Trilith,2019-08-18,8:00,11:00
784,300,Browsebug,2020-07-14,8:00,11:00
785,300,Thoughtbridge,2019-09-26,8:00,11:00
786,300,Skibox,2019-11-14,8:00,11:00
787,300,Oloo,2019-10-06,8:00,11:00
788,300,Skivee,2020-02-16,8:00,11:00
789,300,Quatz,2020-06-12,8:00,11:00
790,300,Tagpad,2020-03-12,8:00,11:00
791,300,Feedspan,2020-05-11,8:00,11:00
792,300,Browsezoom,2019-11-17,8:00,11:00
793,300,Dynava,2019-10-05,8:00,11:00
794,300,Vinte,2019-12-21,8:00,11:00
795,300,Shuffletag,2020-01-06,8:00,11:00
796,300,Wikizz,2020-07-20,8:00,11:00
797,300,Yakitri,2019-09-09,8:00,11:00
798,300,Izio,2020-01-09,8:00,11:00
799,300,Photospace,2020-04-03,8:00,11:00
800,300,Quire,2019-11-05,8:00,11:00
801,300,Dynabox,2020-06-13,8:00,11:00
802,300,Browsetype,2019-11-27,8:00,11:00
803,300,Jabberbean,2019-10-15,8:00,11:00
804,300,Voonte,2020-06-25,8:00,11:00
805,300,Skyndu,2019-08-15,8:00,11:00
806,300,Livefish,2020-05-21,8:00,11:00
807,300,Chatterbridge,2020-07-23,8:00,11:00
808,300,Youfeed,2019-09-23,8:00,11:00
809,300,Zoonder,2020-02-19,8:00,11:00
810,300,Gabvine,2019-08-16,8:00,11:00
811,300,Tagfeed,2019-09-21,8:00,11:00
812,300,Feednation,2020-02-11,8:00,11:00
813,300,Devbug,2020-06-12,8:00,11:00
814,300,Twiyo,2020-01-09,8:00,11:00
815,300,Tagfeed,2020-07-30,8:00,11:00
816,300,Yombu,2020-03-25,8:00,11:00
817,300,Oloo,2019-11-30,8:00,11:00
818,300,Yambee,2019-09-11,8:00,11:00
819,300,Miboo,2019-08-25,8:00,11:00
820,300,Skinix,2020-07-17,8:00,11:00
821,300,Abata,2019-11-09,8:00,11:00
822,300,Zoomzone,2020-01-01,8:00,11:00
823,300,Latz,2019-09-24,8:00,11:00
824,300,Meembee,2020-03-18,8:00,11:00
825,300,Kwilith,2020-05-05,8:00,11:00
826,300,Flipstorm,2020-07-05,8:00,11:00
827,300,Wikido,2020-07-09,8:00,11:00
828,300,Kimia,2020-05-02,8:00,11:00
829,300,Blogtags,2020-05-07,8:00,11:00
830,300,Browseblab,2020-02-26,8:00,11:00
831,300,Mydo,2019-09-22,8:00,11:00
832,300,Yakitri,2020-07-05,8:00,11:00
833,300,Yakidoo,2019-12-15,8:00,11:00
834,300,Twinder,2020-04-22,8:00,11:00
835,300,Mynte,2019-12-31,8:00,11:00
836,300,Katz,2020-04-20,8:00,11:00
837,300,Camimbo,2020-03-01,8:00,11:00
838,300,Twinder,2019-11-25,8:00,11:00
839,300,Yamia,2020-07-15,8:00,11:00
840,300,Youspan,2020-01-15,8:00,11:00
841,300,Ntags,2019-08-03,8:00,11:00
842,300,Kare,2020-03-04,8:00,11:00
843,300,Layo,2020-07-29,8:00,11:00
844,300,Livetube,2020-04-30,8:00,11:00
845,300,Miboo,2020-05-17,8:00,11:00
846,300,Vitz,2020-07-15,8:00,11:00
847,300,Rhynyx,2020-05-09,8:00,11:00
848,300,Ailane,2019-12-30,8:00,11:00
849,300,Bubbletube,2020-03-29,8:00,11:00
850,300,Gevee,2019-10-07,8:00,11:00
851,300,Trudeo,2020-06-22,8:00,11:00
852,300,Kayveo,2019-11-23,8:00,11:00
853,300,JumpXS,2020-06-19,8:00,11:00
854,300,Jabbertype,2019-08-18,8:00,11:00
855,300,Devify,2020-03-03,8:00,11:00
856,300,Realblab,2020-01-24,8:00,11:00
857,300,Oyoloo,2019-07-29,8:00,11:00
858,300,Jayo,2020-07-18,8:00,11:00
859,300,Camimbo,2020-02-19,8:00,11:00
860,300,Tagtune,2019-11-27,8:00,11:00
861,300,Jaxspan,2019-12-05,8:00,11:00
862,300,Roodel,2019-11-12,8:00,11:00
863,300,Realpoint,2020-07-06,8:00,11:00
864,300,Kwinu,2019-12-16,8:00,11:00
865,300,Fivechat,2019-11-06,8:00,11:00
866,300,Fliptune,2019-11-25,8:00,11:00
867,300,Divanoodle,2019-11-01,8:00,11:00
868,300,Realpoint,2020-01-06,8:00,11:00
869,300,Zoomzone,2020-03-21,8:00,11:00
870,300,Skiptube,2020-01-18,8:00,11:00
871,300,Yozio,2020-01-03,8:00,11:00
872,300,Blognation,2019-10-11,8:00,11:00
873,300,Camimbo,2020-05-22,8:00,11:00
874,300,Thoughtstorm,2019-12-02,8:00,11:00
875,300,Jabberstorm,2019-10-04,8:00,11:00
876,300,Demimbu,2020-07-08,8:00,11:00
877,300,Oodoo,2019-08-16,8:00,11:00
878,300,Avavee,2019-08-28,8:00,11:00
879,300,Mynte,2020-03-15,8:00,11:00
880,300,Eimbee,2020-02-26,8:00,11:00
881,300,Wordware,2020-04-23,8:00,11:00
882,300,Quatz,2020-05-22,8:00,11:00
883,300,Devbug,2020-01-11,8:00,11:00
884,300,Tekfly,2020-01-28,8:00,11:00
885,300,Trudoo,2020-04-29,8:00,11:00
886,300,Feedfish,2020-02-03,8:00,11:00
887,300,Dablist,2020-01-11,8:00,11:00
888,300,Twinte,2020-07-19,8:00,11:00
889,300,Pixonyx,2020-06-26,8:00,11:00
890,300,Tagtune,2020-01-12,8:00,11:00
891,300,Quinu,2019-07-22,8:00,11:00
892,300,Zoomdog,2019-07-30,8:00,11:00
893,300,Jaxbean,2019-09-09,8:00,11:00
894,300,Meejo,2019-11-01,8:00,11:00
895,300,Jabbertype,2020-06-07,8:00,11:00
896,300,Yodel,2020-01-08,8:00,11:00
897,300,Photobug,2019-08-12,8:00,11:00
898,300,Rhyzio,2020-01-19,8:00,11:00
899,300,Flipopia,2020-04-12,8:00,11:00
900,300,Tazz,2019-09-13,8:00,11:00
901,300,Skimia,2019-07-28,8:00,11:00
902,300,Skyble,2019-12-31,8:00,11:00
903,300,Eimbee,2020-01-19,8:00,11:00
904,300,Yadel,2020-04-28,8:00,11:00
905,300,Bubblebox,2020-05-05,8:00,11:00
906,300,Eare,2019-12-05,8:00,11:00
907,300,Yakijo,2020-01-23,8:00,11:00
908,300,Flipstorm,2019-10-14,8:00,11:00
909,300,Kare,2020-01-25,8:00,11:00
910,300,Babblestorm,2020-03-03,8:00,11:00
911,300,Buzzster,2020-02-21,8:00,11:00
912,300,Livetube,2019-09-11,8:00,11:00
913,300,Jetwire,2020-07-12,8:00,11:00
914,300,Wordware,2020-03-27,8:00,11:00
915,300,Rooxo,2020-03-15,8:00,11:00
916,300,Yata,2020-05-09,8:00,11:00
917,300,Riffpedia,2019-09-12,8:00,11:00
918,300,Edgepulse,2020-03-22,8:00,11:00
919,300,Lajo,2019-12-16,8:00,11:00
920,300,Twinte,2019-11-04,8:00,11:00
921,300,Shuffletag,2020-02-22,8:00,11:00
922,300,Kazio,2019-10-21,8:00,11:00
923,300,Linktype,2019-10-19,8:00,11:00
924,300,Jabbertype,2020-06-24,8:00,11:00
925,300,Camimbo,2020-04-27,8:00,11:00
926,300,Buzzdog,2019-10-06,8:00,11:00
927,300,Mita,2019-10-05,8:00,11:00
928,300,Gabtune,2020-06-05,8:00,11:00
929,300,Mita,2019-11-30,8:00,11:00
930,300,Trilia,2019-11-21,8:00,11:00
931,300,Voonyx,2020-02-06,8:00,11:00
932,300,Fliptune,2019-08-12,8:00,11:00
933,300,Skilith,2019-11-07,8:00,11:00
934,300,Yacero,2020-07-15,8:00,11:00
935,300,Pixope,2019-10-25,8:00,11:00
936,300,Skiba,2020-03-01,8:00,11:00
937,300,Browsebug,2019-09-11,8:00,11:00
938,300,Dabjam,2019-08-24,8:00,11:00
939,300,Photobug,2019-12-30,8:00,11:00
940,300,Rhynyx,2019-08-30,8:00,11:00
941,300,Vinte,2020-05-15,8:00,11:00
942,300,Oyoloo,2019-10-01,8:00,11:00
943,300,Browsezoom,2020-03-27,8:00,11:00
944,300,Cogibox,2020-06-26,8:00,11:00
945,300,Yodo,2020-06-12,8:00,11:00
946,300,Nlounge,2019-10-02,8:00,11:00
947,300,Skyndu,2020-04-07,8:00,11:00
948,300,Mydo,2020-04-03,8:00,11:00
949,300,Yakidoo,2020-02-24,8:00,11:00
950,300,Browsetype,2019-07-20,8:00,11:00
951,300,Nlounge,2020-04-11,8:00,11:00
952,300,Skidoo,2019-12-09,8:00,11:00
953,300,Zoomlounge,2020-04-29,8:00,11:00
954,300,Gevee,2020-01-07,8:00,11:00
955,300,Pixonyx,2020-07-30,8:00,11:00
956,300,Npath,2019-12-09,8:00,11:00
957,300,Dazzlesphere,2020-06-08,8:00,11:00
958,300,Pixonyx,2020-04-09,8:00,11:00
959,300,Quire,2020-04-25,8:00,11:00
960,300,Yodel,2020-02-20,8:00,11:00
961,300,Pixope,2020-05-31,8:00,11:00
962,300,Tagtune,2020-02-28,8:00,11:00
963,300,Trilia,2020-06-14,8:00,11:00
964,300,Dabvine,2020-07-27,8:00,11:00
965,300,Oodoo,2020-03-13,8:00,11:00
966,300,Realcube,2020-03-05,8:00,11:00
967,300,Kaymbo,2020-05-15,8:00,11:00
968,300,Vinte,2019-10-01,8:00,11:00
969,300,Yodoo,2020-01-02,8:00,11:00
970,300,Youfeed,2020-01-24,8:00,11:00
971,300,Aimbo,2019-12-19,8:00,11:00
972,300,Devpulse,2020-05-21,8:00,11:00
973,300,Tagchat,2020-04-02,8:00,11:00
974,300,Plajo,2020-06-01,8:00,11:00
975,300,Pixoboo,2019-08-01,8:00,11:00
976,300,Kwimbee,2019-10-12,8:00,11:00
977,300,Browsezoom,2019-08-24,8:00,11:00
978,300,Kazio,2019-08-12,8:00,11:00
979,300,Vipe,2019-12-15,8:00,11:00
980,300,Dablist,2019-08-12,8:00,11:00
981,300,Yakidoo,2020-03-05,8:00,11:00
982,300,Blogtag,2019-10-12,8:00,11:00
983,300,Fatz,2020-06-13,8:00,11:00
984,300,Skimia,2019-08-12,8:00,11:00
985,300,Mymm,2019-08-30,8:00,11:00
986,300,Snaptags,2020-07-30,8:00,11:00
987,300,Bluejam,2019-07-29,8:00,11:00
988,300,Zoomcast,2020-07-16,8:00,11:00
989,300,Quimba,2019-08-13,8:00,11:00
990,300,Meezzy,2019-09-11,8:00,11:00
991,300,Skippad,2020-06-17,8:00,11:00
992,300,Eare,2020-01-13,8:00,11:00
993,300,Tagfeed,2019-11-07,8:00,11:00
994,300,Gabtune,2019-10-11,8:00,11:00
995,300,Divape,2019-07-22,8:00,11:00
996,300,Wordware,2020-01-14,8:00,11:00
997,300,Innotype,2019-09-03,8:00,11:00
998,300,Yabox,2019-11-11,8:00,11:00
999,300,Rhynoodle,2020-01-29,8:00,11:00
1000,300,Topicstorm,2020-06-23,8:00,11:00